m1,m2,m3,m4,m5,m6,m7,m8,m9,k1,k2,k3,k4,k5,k6,k7,k8,k9,c1,c2,c3,c4,c5,c6,c7,c8,c9,wave_name,T_1,a_max,a_avg,drift_max,drift_avg
19611.07517746159,327178.39683400514,319526.47579035035,18953.80652534647,43077.807143472724,316155.3140518749,410768.41710601095,157801.06079107424,500085.0826179781,6519195.204364339,148822018.83416507,138011333.10087204,156956321.0642206,98752638.26620224,53473025.50857383,25837381.988440234,48990181.18765207,10297387.729799531,5073594.360660716,3661071.483547278,3284558.516556736,11199426.751686145,13245444.307816455,1439126.2292484592,6544148.603447984,6234950.166233887,2409460.2860404863,RSN1044_NORTHR_NWH090,3.017181812511119,8.427177450266289,7.165896684160996,0.010980799985741476,0.008500464459363049
