m1,m2,m3,m4,m5,m6,m7,m8,m9,k1,k2,k3,k4,k5,k6,k7,k8,k9,c1,c2,c3,c4,c5,c6,c7,c8,c9,wave_name,T_1,a_max,a_avg,drift_max,drift_avg
503334.7368912642,196722.17894014387,306354.582600584,52543.60292123763,366579.35939098947,221695.33154045232,37631.165943675966,466787.2045053872,80333.93847902892,1274633.2732007718,142403385.92247805,14357086.386034217,167886996.12619358,55710568.152361795,131417751.03458096,59576451.1767512,38600745.62715267,42221472.39564522,165927.6000325976,9715619.817625552,16315734.555619145,11491687.022524308,1141756.6866532408,13263452.848619487,5651702.335411054,10067703.405621493,1862473.4522687704,RSN68_SFERN_PEL180,5.28518436157475,2.22950289933133,2.0221072915489016,0.003485788899085598,0.0031021403302322254
